BOYNAME     |      RELATIONSHIP      |       GIRLNAME       |       DATE       |      TIME
-----------------------------------------------------------------------------------------------------------
FMFWSKM        commited to       NLEYAHC      10/04/2017      04:08:00
PBSNVWW        commited to       MHLHUXE      10/04/2017      04:08:00
VLOIDQQ        commited to       MVRMMEK      10/04/2017      04:08:00
RYQVEGR        commited to       TJBOWEY      10/04/2017      04:08:00
VBAKELO        commited to       OXVHIBF      10/04/2017      04:08:00
EGNTCYN        commited to       HRIMTND      10/04/2017      04:08:00
WTNMADO        commited to       XMTYMBV      10/04/2017      04:08:00
USFSQUM        commited to       ATYVOTW      10/04/2017      04:08:00
DQDHWKF        commited to       CFOIHFU      10/04/2017      04:08:00
LRRKQRC        commited to       RIVVOEP      10/04/2017      04:08:00
VEESXIC        commited to       QWANGHH      10/04/2017      04:08:00
RKFMBKA        commited to       GEJAUWN      10/04/2017      04:08:00
ROKTFYO        commited to       YSCIEYG      10/04/2017      04:08:00
UENBFQT        commited to       KHOKSHP      10/04/2017      04:08:00
